Exposure,Power,CarAge,DriverAge,Brand,Gas,Region,Density
0.09,g,0.0,46.0,Japanese (except Nissan) or Korean,Diesel,Aquitaine,76.0
0.84,g,0.0,46.0,Japanese (except Nissan) or Korean,Diesel,Aquitaine,76.0
0.52,f,2.0,38.0,Japanese (except Nissan) or Korean,Regular,Nord-Pas-de-Calais,3003.0
0.45,f,2.0,38.0,Japanese (except Nissan) or Korean,Regular,Nord-Pas-de-Calais,3003.0
0.15,g,0.0,41.0,Japanese (except Nissan) or Korean,Diesel,Pays-de-la-Loire,60.0
0.75,g,0.0,41.0,Japanese (except Nissan) or Korean,Diesel,Pays-de-la-Loire,60.0
0.81,d,1.0,27.0,Japanese (except Nissan) or Korean,Regular,Aquitaine,695.0
0.05,d,0.0,27.0,Japanese (except Nissan) or Korean,Regular,Aquitaine,695.0
0.76,d,9.0,23.0,Fiat,Regular,Nord-Pas-de-Calais,3424.5
0.34,i,0.0,44.0,Japanese (except Nissan) or Korean,Regular,Ile-de-France,3424.5
0.1,f,2.0,32.0,Japanese (except Nissan) or Korean,Diesel,Centre,23.0
0.77,f,2.0,32.0,Japanese (except Nissan) or Korean,Diesel,Centre,23.0
0.55,e,0.0,33.0,Japanese (except Nissan) or Korean,Regular,Ile-de-France,1746.0
0.19,e,0.0,33.0,Japanese (except Nissan) or Korean,Regular,Ile-de-France,1746.0
0.01,e,0.0,33.0,Japanese (except Nissan) or Korean,Regular,Ile-de-France,1746.0
0.87,e,0.0,54.0,Japanese (except Nissan) or Korean,Regular,Nord-Pas-de-Calais,781.0
0.8,e,0.0,69.0,Japanese (except Nissan) or Korean,Regular,Ile-de-France,1376.0
0.07,e,0.0,69.0,Japanese (except Nissan) or Korean,Regular,Ile-de-France,1376.0
0.12,i,0.0,43.0,Japanese (except Nissan) or Korean,Regular,Ile-de-France,3424.5
0.76,i,0.0,43.0,Japanese (except Nissan) or Korean,Regular,Ile-de-France,3424.5
0.81,h,0.0,50.0,Japanese (except Nissan) or Korean,Regular,Ile-de-France,3424.5
0.05,h,0.0,50.0,Japanese (except Nissan) or Korean,Regular,Ile-de-France,3424.5
0.16,j,8.0,30.0,Japanese (except Nissan) or Korean,Regular,Ile-de-France,3424.5
0.71,j,8.0,30.0,Japanese (except Nissan) or Korean,Regular,Ile-de-France,3424.5
0.87,e,0.0,73.0,Japanese (except Nissan) or Korean,Regular,Nord-Pas-de-Calais,174.0
0.1,i,4.0,40.0,Japanese (except Nissan) or Korean,Regular,Ile-de-France,3366.0
0.84,i,4.0,40.0,Japanese (except Nissan) or Korean,Regular,Ile-de-France,3366.0
0.72,e,0.0,45.0,Japanese (except Nissan) or Korean,Regular,Poitou-Charentes,965.0
0.14,e,0.0,45.0,Japanese (except Nissan) or Korean,Regular,Poitou-Charentes,965.0
0.79,f,0.0,37.0,Japanese (except Nissan) or Korean,Diesel,Ile-de-France,303.0
0.05,f,0.0,37.0,Japanese (except Nissan) or Korean,Diesel,Ile-de-France,303.0
0.07,f,0.0,37.0,Japanese (except Nissan) or Korean,Diesel,Ile-de-France,303.0
0.75,g,1.0,61.0,Japanese (except Nissan) or Korean,Regular,Ile-de-France,3424.5
0.81,f,0.0,62.0,Japanese (except Nissan) or Korean,Regular,Bretagne,49.0
0.05,f,0.0,62.0,Japanese (except Nissan) or Korean,Regular,Bretagne,49.0
0.87,j,0.0,31.0,Japanese (except Nissan) or Korean,Diesel,Ile-de-France,3424.5
0.69,e,8.0,46.0,"Opel, General Motors or Ford",Regular,Ile-de-France,3023.0
0.12,e,8.0,46.0,"Opel, General Motors or Ford",Regular,Ile-de-France,3023.0
0.04,e,8.0,46.0,"Opel, General Motors or Ford",Regular,Ile-de-France,3023.0
0.55,l,5.0,50.0,Japanese (except Nissan) or Korean,Diesel,Basse-Normandie,56.0
0.14,l,5.0,50.0,Japanese (except Nissan) or Korean,Diesel,Basse-Normandie,56.0
0.77,g,4.0,39.0,"Mercedes, Chrysler or BMW",Diesel,Aquitaine,30.0
0.09,g,4.0,39.0,"Mercedes, Chrysler or BMW",Diesel,Aquitaine,30.0
0.14,j,0.0,67.0,Japanese (except Nissan) or Korean,Diesel,Ile-de-France,3424.5
0.67,e,0.0,22.0,Japanese (except Nissan) or Korean,Regular,Ile-de-France,1324.0
0.13,d,0.0,39.0,Japanese (except Nissan) or Korean,Regular,Ile-de-France,3424.5
0.59,d,0.0,39.0,Japanese (except Nissan) or Korean,Regular,Ile-de-France,3424.5
0.73,d,0.0,61.0,Japanese (except Nissan) or Korean,Regular,Poitou-Charentes,515.0
0.12,d,0.0,61.0,Japanese (except Nissan) or Korean,Regular,Poitou-Charentes,515.0
0.84,g,4.0,50.0,Japanese (except Nissan) or Korean,Regular,Ile-de-France,3424.5
0.08,g,0.0,38.0,Japanese (except Nissan) or Korean,Regular,Ile-de-France,27.0
0.79,g,0.0,38.0,Japanese (except Nissan) or Korean,Regular,Ile-de-France,27.0
0.85,d,0.0,37.0,Japanese (except Nissan) or Korean,Regular,Aquitaine,175.0
0.83,g,0.0,54.0,Japanese (except Nissan) or Korean,Regular,Nord-Pas-de-Calais,966.0
0.02,g,0.0,54.0,Japanese (except Nissan) or Korean,Regular,Nord-Pas-de-Calais,966.0
0.85,e,0.0,51.0,Japanese (except Nissan) or Korean,Regular,Nord-Pas-de-Calais,102.0
0.8,h,4.0,23.0,Japanese (except Nissan) or Korean,Regular,Ile-de-France,3424.5
0.04,h,4.0,23.0,Japanese (except Nissan) or Korean,Regular,Ile-de-France,3424.5
0.15,d,3.0,31.0,"Renault, Nissan or Citroen",Regular,Nord-Pas-de-Calais,202.0
0.11,d,3.0,32.0,"Renault, Nissan or Citroen",Regular,Nord-Pas-de-Calais,202.0
0.48,f,0.0,33.0,Japanese (except Nissan) or Korean,Regular,Ile-de-France,3424.5
0.37,f,0.0,33.0,Japanese (except Nissan) or Korean,Regular,Ile-de-France,3424.5
0.09,e,0.0,41.0,Japanese (except Nissan) or Korean,Regular,Ile-de-France,3424.5
0.75,e,0.0,41.0,Japanese (except Nissan) or Korean,Regular,Ile-de-France,3424.5
0.17,e,3.0,29.0,"Opel, General Motors or Ford",Diesel,Pays-de-la-Loire,63.0
0.07,e,3.0,29.0,"Opel, General Motors or Ford",Diesel,Pays-de-la-Loire,63.0
0.09,f,0.0,29.0,Japanese (except Nissan) or Korean,Regular,Pays-de-la-Loire,63.0
0.04,e,3.0,29.0,"Opel, General Motors or Ford",Diesel,Pays-de-la-Loire,63.0
0.46,f,0.0,29.0,Japanese (except Nissan) or Korean,Regular,Pays-de-la-Loire,63.0
0.74,d,6.0,26.0,Fiat,Regular,Nord-Pas-de-Calais,2308.0
0.11,d,6.0,26.0,Fiat,Regular,Nord-Pas-de-Calais,2308.0
0.24,f,0.0,50.0,Japanese (except Nissan) or Korean,Regular,Ile-de-France,3424.5
0.63,f,0.0,50.0,Japanese (except Nissan) or Korean,Regular,Ile-de-France,3424.5
0.07,f,0.0,58.0,Japanese (except Nissan) or Korean,Diesel,Poitou-Charentes,23.0
0.76,f,0.0,58.0,Japanese (except Nissan) or Korean,Diesel,Poitou-Charentes,23.0
0.85,d,0.0,41.0,Japanese (except Nissan) or Korean,Regular,Ile-de-France,1784.0
0.87,d,0.0,52.0,Japanese (except Nissan) or Korean,Regular,Centre,73.0
0.85,d,0.0,46.0,Japanese (except Nissan) or Korean,Regular,Aquitaine,1846.0
0.83,j,0.0,65.0,Japanese (except Nissan) or Korean,Regular,Ile-de-France,3424.5
0.07,j,0.0,65.0,Japanese (except Nissan) or Korean,Regular,Ile-de-France,3424.5
0.09,d,0.0,40.0,Japanese (except Nissan) or Korean,Regular,Centre,74.0
0.76,d,0.0,40.0,Japanese (except Nissan) or Korean,Regular,Centre,74.0
0.07,g,4.0,38.0,"Mercedes, Chrysler or BMW",Diesel,Ile-de-France,532.0
0.77,g,4.0,38.0,"Mercedes, Chrysler or BMW",Diesel,Ile-de-France,532.0
0.08,i,1.0,46.0,Japanese (except Nissan) or Korean,Regular,Ile-de-France,2178.0
0.64,i,1.0,46.0,Japanese (except Nissan) or Korean,Regular,Ile-de-France,2178.0
0.11,i,1.0,46.0,Japanese (except Nissan) or Korean,Regular,Ile-de-France,2178.0
0.78,d,0.0,58.0,Japanese (except Nissan) or Korean,Regular,Ile-de-France,3424.5
0.06,d,0.0,58.0,Japanese (except Nissan) or Korean,Regular,Ile-de-France,3424.5
0.84,i,8.0,24.0,Japanese (except Nissan) or Korean,Regular,Ile-de-France,208.0
0.84,g,3.0,40.0,Japanese (except Nissan) or Korean,Regular,Ile-de-France,3424.5
0.14,d,0.0,36.0,Japanese (except Nissan) or Korean,Regular,Ile-de-France,3424.5
0.09,d,0.0,36.0,Japanese (except Nissan) or Korean,Regular,Ile-de-France,3424.5
0.35,d,0.0,36.0,Japanese (except Nissan) or Korean,Regular,Ile-de-France,3424.5
0.25,d,0.0,36.0,Japanese (except Nissan) or Korean,Regular,Ile-de-France,3424.5
0.62,j,0.0,51.0,Japanese (except Nissan) or Korean,Regular,Ile-de-France,3424.5
0.22,e,0.0,51.0,Japanese (except Nissan) or Korean,Regular,Ile-de-France,3424.5
0.82,f,9.0,46.0,Japanese (except Nissan) or Korean,Regular,Basse-Normandie,49.0
0.84,i,0.0,45.0,Japanese (except Nissan) or Korean,Diesel,Aquitaine,966.0
0.09,g,0.0,62.0,Japanese (except Nissan) or Korean,Diesel,Ile-de-France,3424.5
0.01,g,0.0,62.0,Japanese (except Nissan) or Korean,Diesel,Ile-de-France,3424.5
0.74,g,0.0,62.0,Japanese (except Nissan) or Korean,Diesel,Ile-de-France,3424.5
0.66,i,1.0,62.0,Japanese (except Nissan) or Korean,Regular,Ile-de-France,3424.5
0.71,g,0.0,47.0,Japanese (except Nissan) or Korean,Diesel,Nord-Pas-de-Calais,3424.5
0.13,g,0.0,47.0,Japanese (except Nissan) or Korean,Diesel,Nord-Pas-de-Calais,3424.5
0.84,i,0.0,65.0,Japanese (except Nissan) or Korean,Regular,Pays-de-la-Loire,89.0
0.79,j,3.0,40.0,Japanese (except Nissan) or Korean,Regular,Ile-de-France,3424.5
0.05,j,3.0,40.0,Japanese (except Nissan) or Korean,Regular,Ile-de-France,3424.5
0.61,i,0.0,37.0,Japanese (except Nissan) or Korean,Regular,Ile-de-France,136.0
0.1,i,0.0,37.0,Japanese (except Nissan) or Korean,Regular,Ile-de-France,136.0
0.12,i,0.0,37.0,Japanese (except Nissan) or Korean,Regular,Ile-de-France,136.0
0.79,e,1.0,46.0,Japanese (except Nissan) or Korean,Regular,Poitou-Charentes,159.0
0.05,e,0.0,46.0,Japanese (except Nissan) or Korean,Regular,Poitou-Charentes,159.0
0.84,f,2.0,41.0,Japanese (except Nissan) or Korean,Diesel,Aquitaine,343.0
0.81,i,1.0,29.0,Japanese (except Nissan) or Korean,Regular,Nord-Pas-de-Calais,2308.0
0.11,i,1.0,29.0,Japanese (except Nissan) or Korean,Regular,Nord-Pas-de-Calais,2308.0
0.81,g,0.0,48.0,Japanese (except Nissan) or Korean,Regular,Ile-de-France,3424.5
0.03,g,0.0,48.0,Japanese (except Nissan) or Korean,Regular,Ile-de-France,3424.5
0.84,g,2.0,38.0,Japanese (except Nissan) or Korean,Regular,Ile-de-France,515.0
0.71,d,0.0,38.0,Japanese (except Nissan) or Korean,Regular,Ile-de-France,3424.5
0.13,d,0.0,38.0,Japanese (except Nissan) or Korean,Regular,Ile-de-France,3424.5
0.79,i,1.0,45.0,Japanese (except Nissan) or Korean,Regular,Poitou-Charentes,298.0
0.04,i,1.0,45.0,Japanese (except Nissan) or Korean,Regular,Poitou-Charentes,298.0
0.84,e,1.0,58.0,Japanese (except Nissan) or Korean,Regular,Pays-de-la-Loire,3424.5
0.08,e,0.0,46.0,Japanese (except Nissan) or Korean,Regular,Pays-de-la-Loire,1489.0
0.76,e,0.0,46.0,Japanese (except Nissan) or Korean,Regular,Pays-de-la-Loire,1489.0
0.74,e,0.0,37.0,Japanese (except Nissan) or Korean,Regular,Ile-de-France,3023.0
0.08,e,0.0,37.0,Japanese (except Nissan) or Korean,Regular,Ile-de-France,3023.0
0.01,e,0.0,37.0,Japanese (except Nissan) or Korean,Regular,Ile-de-France,3023.0
0.79,g,9.0,23.0,"Renault, Nissan or Citroen",Regular,Ile-de-France,3424.5
0.04,g,9.0,23.0,"Renault, Nissan or Citroen",Regular,Ile-de-France,3424.5
0.78,d,0.0,47.0,Japanese (except Nissan) or Korean,Regular,Poitou-Charentes,110.0
0.06,d,0.0,47.0,Japanese (except Nissan) or Korean,Regular,Poitou-Charentes,110.0
0.66,e,0.0,43.0,Japanese (except Nissan) or Korean,Regular,Ile-de-France,714.0
0.17,e,0.0,43.0,Japanese (except Nissan) or Korean,Regular,Ile-de-France,714.0
0.46,f,0.0,41.0,Japanese (except Nissan) or Korean,Regular,Ile-de-France,3424.5
0.12,f,0.0,41.0,Japanese (except Nissan) or Korean,Regular,Ile-de-France,3424.5
0.25,f,0.0,41.0,Japanese (except Nissan) or Korean,Regular,Ile-de-France,3424.5
0.7,o,0.0,66.0,Japanese (except Nissan) or Korean,Diesel,Pays-de-la-Loire,1457.0
0.13,o,0.0,66.0,Japanese (except Nissan) or Korean,Diesel,Pays-de-la-Loire,1457.0
0.07,e,0.0,34.0,Japanese (except Nissan) or Korean,Regular,Nord-Pas-de-Calais,1565.0
0.75,e,0.0,34.0,Japanese (except Nissan) or Korean,Regular,Nord-Pas-de-Calais,1565.0
0.74,f,0.0,31.0,Japanese (except Nissan) or Korean,Regular,Nord-Pas-de-Calais,2308.0
0.09,f,0.0,31.0,Japanese (except Nissan) or Korean,Regular,Nord-Pas-de-Calais,2308.0
0.00546448087431694,f,0.0,45.0,Japanese (except Nissan) or Korean,Diesel,Nord-Pas-de-Calais,1472.0
0.51,f,0.0,45.0,Japanese (except Nissan) or Korean,Diesel,Nord-Pas-de-Calais,1472.0
0.14,g,0.0,45.0,Japanese (except Nissan) or Korean,Diesel,Nord-Pas-de-Calais,1472.0
0.17,f,0.0,45.0,Japanese (except Nissan) or Korean,Diesel,Nord-Pas-de-Calais,1472.0
0.04,i,0.0,59.0,Japanese (except Nissan) or Korean,Regular,Ile-de-France,3424.5
0.79,i,0.0,59.0,Japanese (except Nissan) or Korean,Regular,Ile-de-France,3424.5
0.19,f,0.0,27.0,Japanese (except Nissan) or Korean,Regular,Aquitaine,1287.0
0.64,f,0.0,27.0,Japanese (except Nissan) or Korean,Regular,Aquitaine,1287.0
0.41,d,0.0,24.0,Japanese (except Nissan) or Korean,Regular,Pays-de-la-Loire,1489.0
0.55,d,0.0,24.0,Japanese (except Nissan) or Korean,Regular,Pays-de-la-Loire,1489.0
0.2,e,0.0,48.0,Japanese (except Nissan) or Korean,Regular,Ile-de-France,58.0
0.79,e,0.0,48.0,Japanese (except Nissan) or Korean,Regular,Ile-de-France,58.0
0.83,j,4.0,30.0,"Renault, Nissan or Citroen",Regular,Aquitaine,3075.0
0.83,e,0.0,31.0,Japanese (except Nissan) or Korean,Regular,Ile-de-France,3424.5
0.25,j,1.0,40.0,Japanese (except Nissan) or Korean,Diesel,Ile-de-France,1662.0
0.57,j,1.0,40.0,Japanese (except Nissan) or Korean,Diesel,Ile-de-France,1662.0
0.35,f,3.0,28.0,Japanese (except Nissan) or Korean,Diesel,Pays-de-la-Loire,2767.0
0.03,f,3.0,28.0,Japanese (except Nissan) or Korean,Diesel,Pays-de-la-Loire,2767.0
0.56,f,3.0,28.0,Japanese (except Nissan) or Korean,Diesel,Pays-de-la-Loire,2767.0
0.2,f,0.0,33.0,Japanese (except Nissan) or Korean,Regular,Ile-de-France,3424.5
0.62,f,0.0,33.0,Japanese (except Nissan) or Korean,Regular,Ile-de-France,3424.5
0.33,e,0.0,47.0,Japanese (except Nissan) or Korean,Regular,Ile-de-France,1103.0
0.41,e,0.0,47.0,Japanese (except Nissan) or Korean,Regular,Ile-de-France,1103.0
0.07,e,0.0,47.0,Japanese (except Nissan) or Korean,Regular,Ile-de-France,1103.0
0.74,e,0.0,22.0,Japanese (except Nissan) or Korean,Regular,Ile-de-France,1329.0
0.07,e,0.0,22.0,Japanese (except Nissan) or Korean,Regular,Ile-de-France,1329.0
0.35,f,0.0,60.0,Japanese (except Nissan) or Korean,Regular,Ile-de-France,3424.5
0.47,e,8.0,60.0,"Renault, Nissan or Citroen",Diesel,Ile-de-France,3424.5
0.75,h,2.0,49.0,Japanese (except Nissan) or Korean,Diesel,Ile-de-France,211.0
0.07,h,2.0,49.0,Japanese (except Nissan) or Korean,Diesel,Ile-de-France,211.0
0.3,d,1.0,27.0,Japanese (except Nissan) or Korean,Regular,Ile-de-France,3424.5
0.01,d,1.0,27.0,Japanese (except Nissan) or Korean,Regular,Ile-de-France,3424.5
0.5,d,1.0,27.0,Japanese (except Nissan) or Korean,Regular,Ile-de-France,3424.5
0.2,d,1.0,35.0,Japanese (except Nissan) or Korean,Regular,Pays-de-la-Loire,82.0
0.62,d,0.0,35.0,Japanese (except Nissan) or Korean,Regular,Pays-de-la-Loire,82.0
0.22,f,7.0,41.0,Japanese (except Nissan) or Korean,Regular,Pays-de-la-Loire,3424.5
0.6,f,7.0,41.0,Japanese (except Nissan) or Korean,Regular,Pays-de-la-Loire,3424.5
0.68,d,10.0,24.0,"Renault, Nissan or Citroen",Regular,Ile-de-France,3064.0
0.73,e,1.0,69.0,Japanese (except Nissan) or Korean,Regular,Ile-de-France,796.0
0.08,e,1.0,69.0,Japanese (except Nissan) or Korean,Regular,Ile-de-France,796.0
0.81,e,0.0,40.0,Japanese (except Nissan) or Korean,Regular,Ile-de-France,1064.0
0.07,f,0.0,66.0,Japanese (except Nissan) or Korean,Diesel,Aquitaine,123.0
0.78,f,0.0,66.0,Japanese (except Nissan) or Korean,Diesel,Aquitaine,123.0
0.27,g,5.0,39.0,Japanese (except Nissan) or Korean,Regular,Ile-de-France,3424.5
0.07,g,5.0,39.0,Japanese (except Nissan) or Korean,Regular,Ile-de-France,3424.5
0.47,g,5.0,39.0,Japanese (except Nissan) or Korean,Regular,Ile-de-France,3424.5
0.2,e,0.0,50.0,Japanese (except Nissan) or Korean,Regular,Ile-de-France,59.0
0.62,e,0.0,50.0,Japanese (except Nissan) or Korean,Regular,Ile-de-France,59.0
0.46,e,0.0,34.0,Japanese (except Nissan) or Korean,Regular,Ile-de-France,2887.0
0.81,d,0.0,36.0,Japanese (except Nissan) or Korean,Regular,Bretagne,285.0
0.06,d,0.0,71.0,Japanese (except Nissan) or Korean,Regular,Basse-Normandie,46.0
0.75,d,0.0,71.0,Japanese (except Nissan) or Korean,Regular,Basse-Normandie,46.0
0.42,d,0.0,53.0,Japanese (except Nissan) or Korean,Regular,Ile-de-France,3424.5
0.39,d,0.0,53.0,Japanese (except Nissan) or Korean,Regular,Ile-de-France,3424.5
0.09,e,0.0,51.0,Japanese (except Nissan) or Korean,Diesel,Centre,51.0
0.72,e,0.0,51.0,Japanese (except Nissan) or Korean,Diesel,Centre,51.0
0.74,e,0.0,52.0,Japanese (except Nissan) or Korean,Regular,Aquitaine,1846.0
0.1,e,0.0,52.0,Japanese (except Nissan) or Korean,Regular,Aquitaine,1846.0
0.09,g,0.0,43.0,Japanese (except Nissan) or Korean,Diesel,Pays-de-la-Loire,3424.5
0.18,f,2.0,43.0,Japanese (except Nissan) or Korean,Diesel,Pays-de-la-Loire,3424.5
0.54,g,0.0,43.0,Japanese (except Nissan) or Korean,Diesel,Pays-de-la-Loire,3424.5
0.06,f,2.0,43.0,Japanese (except Nissan) or Korean,Diesel,Pays-de-la-Loire,3424.5
0.28,d,0.0,38.0,Japanese (except Nissan) or Korean,Regular,Nord-Pas-de-Calais,3424.5
0.6,f,10.0,38.0,Japanese (except Nissan) or Korean,Regular,Nord-Pas-de-Calais,3424.5
0.09,d,1.0,60.0,Japanese (except Nissan) or Korean,Regular,Poitou-Charentes,831.0
0.72,d,1.0,60.0,Japanese (except Nissan) or Korean,Regular,Poitou-Charentes,831.0
0.09,i,0.0,56.0,Japanese (except Nissan) or Korean,Regular,Ile-de-France,106.0
0.71,i,0.0,56.0,Japanese (except Nissan) or Korean,Regular,Ile-de-France,106.0
0.00546448087431694,f,0.0,75.0,Japanese (except Nissan) or Korean,Diesel,Pays-de-la-Loire,137.0
0.08,f,0.0,75.0,Japanese (except Nissan) or Korean,Diesel,Pays-de-la-Loire,137.0
0.72,f,0.0,75.0,Japanese (except Nissan) or Korean,Diesel,Pays-de-la-Loire,137.0
0.75,e,4.0,34.0,Japanese (except Nissan) or Korean,Diesel,Ile-de-France,3424.5
0.06,e,4.0,34.0,Japanese (except Nissan) or Korean,Diesel,Ile-de-France,3424.5
0.74,i,0.0,47.0,Japanese (except Nissan) or Korean,Regular,Basse-Normandie,108.0
0.07,i,0.0,47.0,Japanese (except Nissan) or Korean,Regular,Basse-Normandie,108.0
0.81,f,0.0,47.0,Japanese (except Nissan) or Korean,Regular,Ile-de-France,3424.5
0.36,n,9.0,30.0,"Renault, Nissan or Citroen",Regular,Nord-Pas-de-Calais,1353.0
0.05,e,0.0,49.0,Japanese (except Nissan) or Korean,Regular,Ile-de-France,3424.5
0.76,e,0.0,49.0,Japanese (except Nissan) or Korean,Regular,Ile-de-France,3424.5
0.81,d,2.0,57.0,Japanese (except Nissan) or Korean,Regular,Centre,124.0
0.59,e,1.0,29.0,Japanese (except Nissan) or Korean,Regular,Ile-de-France,3424.5
0.21,f,0.0,29.0,Japanese (except Nissan) or Korean,Regular,Ile-de-France,3424.5
0.57,i,0.0,66.0,Japanese (except Nissan) or Korean,Regular,Nord-Pas-de-Calais,2648.0
0.24,i,0.0,66.0,Japanese (except Nissan) or Korean,Regular,Nord-Pas-de-Calais,2648.0
0.11,e,0.0,24.0,Japanese (except Nissan) or Korean,Regular,Bretagne,2103.0
0.17,e,0.0,24.0,Japanese (except Nissan) or Korean,Regular,Bretagne,2103.0
0.8,d,1.0,38.0,Japanese (except Nissan) or Korean,Regular,Pays-de-la-Loire,177.0
0.48,d,0.0,32.0,Japanese (except Nissan) or Korean,Regular,Ile-de-France,3424.5
0.12,d,0.0,34.0,Japanese (except Nissan) or Korean,Regular,Bretagne,3021.0
0.68,d,0.0,34.0,Japanese (except Nissan) or Korean,Regular,Bretagne,3021.0
0.65,d,0.0,48.0,Japanese (except Nissan) or Korean,Regular,Aquitaine,332.0
0.15,d,0.0,48.0,Japanese (except Nissan) or Korean,Regular,Aquitaine,332.0
0.1,e,0.0,33.0,Japanese (except Nissan) or Korean,Regular,Aquitaine,283.0
0.69,e,0.0,33.0,Japanese (except Nissan) or Korean,Regular,Aquitaine,283.0
0.04,e,0.0,65.0,Japanese (except Nissan) or Korean,Regular,Bretagne,747.0
0.76,e,0.0,65.0,Japanese (except Nissan) or Korean,Regular,Bretagne,747.0
0.02,d,0.0,49.0,Japanese (except Nissan) or Korean,Regular,Nord-Pas-de-Calais,2983.0
0.18,d,0.0,49.0,Japanese (except Nissan) or Korean,Regular,Nord-Pas-de-Calais,2983.0
0.07,d,0.0,49.0,Japanese (except Nissan) or Korean,Regular,Nord-Pas-de-Calais,2983.0
0.51,d,0.0,49.0,Japanese (except Nissan) or Korean,Regular,Nord-Pas-de-Calais,2983.0
0.81,d,0.0,72.0,Japanese (except Nissan) or Korean,Regular,Aquitaine,127.0
0.2,d,2.0,29.0,Japanese (except Nissan) or Korean,Regular,Nord-Pas-de-Calais,2537.0
0.6,d,2.0,29.0,Japanese (except Nissan) or Korean,Regular,Nord-Pas-de-Calais,2537.0
0.44,e,0.0,30.0,Japanese (except Nissan) or Korean,Regular,Ile-de-France,3424.5
0.04,e,0.0,30.0,Japanese (except Nissan) or Korean,Regular,Ile-de-France,3424.5
0.21,e,0.0,30.0,Japanese (except Nissan) or Korean,Regular,Ile-de-France,3424.5
0.09,e,0.0,30.0,Japanese (except Nissan) or Korean,Regular,Ile-de-France,3424.5
0.09,f,0.0,38.0,Japanese (except Nissan) or Korean,Diesel,Ile-de-France,3339.0
0.07,f,0.0,38.0,Japanese (except Nissan) or Korean,Diesel,Ile-de-France,3339.0
0.62,d,0.0,38.0,Japanese (except Nissan) or Korean,Regular,Ile-de-France,3339.0
0.09,d,0.0,40.0,Japanese (except Nissan) or Korean,Regular,Ile-de-France,796.0
0.71,d,0.0,40.0,Japanese (except Nissan) or Korean,Regular,Ile-de-France,796.0
0.73,j,9.0,44.0,Japanese (except Nissan) or Korean,Regular,Pays-de-la-Loire,3424.5
0.07,j,9.0,44.0,Japanese (except Nissan) or Korean,Regular,Pays-de-la-Loire,3424.5
0.37,f,5.0,27.0,"Renault, Nissan or Citroen",Diesel,Ile-de-France,563.0
0.07,f,5.0,27.0,"Renault, Nissan or Citroen",Diesel,Ile-de-France,563.0
0.35,f,5.0,27.0,"Renault, Nissan or Citroen",Diesel,Ile-de-France,563.0
0.04,e,1.0,35.0,Japanese (except Nissan) or Korean,Regular,Ile-de-France,3184.0
0.45,f,0.0,35.0,Japanese (except Nissan) or Korean,Regular,Ile-de-France,3184.0
0.29,e,1.0,35.0,Japanese (except Nissan) or Korean,Regular,Ile-de-France,3184.0
0.72,e,0.0,53.0,Japanese (except Nissan) or Korean,Regular,Ile-de-France,3424.5
0.08,e,0.0,53.0,Japanese (except Nissan) or Korean,Regular,Ile-de-France,3424.5
0.17,i,0.0,45.0,Japanese (except Nissan) or Korean,Regular,Ile-de-France,3424.5
0.62,i,0.0,45.0,Japanese (except Nissan) or Korean,Regular,Ile-de-France,3424.5
0.8,e,0.0,68.0,Japanese (except Nissan) or Korean,Regular,Pays-de-la-Loire,221.0
0.8,d,1.0,37.0,"Renault, Nissan or Citroen",Regular,Pays-de-la-Loire,3424.5
0.79,e,1.0,36.0,Japanese (except Nissan) or Korean,Regular,Pays-de-la-Loire,208.0
0.75,h,3.0,49.0,Japanese (except Nissan) or Korean,Diesel,Ile-de-France,1787.0
0.04,d,0.0,59.0,Japanese (except Nissan) or Korean,Regular,Aquitaine,7.0
0.75,d,0.0,59.0,Japanese (except Nissan) or Korean,Regular,Aquitaine,7.0
0.79,g,1.0,49.0,Japanese (except Nissan) or Korean,Regular,Ile-de-France,3424.5
0.06,g,0.0,49.0,Japanese (except Nissan) or Korean,Diesel,Ile-de-France,3424.5
0.75,g,0.0,49.0,Japanese (except Nissan) or Korean,Diesel,Ile-de-France,3424.5
0.63,d,0.0,72.0,Japanese (except Nissan) or Korean,Regular,Aquitaine,3424.5
0.16,d,0.0,72.0,Japanese (except Nissan) or Korean,Regular,Aquitaine,3424.5
0.34,e,0.0,37.0,Japanese (except Nissan) or Korean,Regular,Ile-de-France,3424.5
0.45,e,0.0,37.0,Japanese (except Nissan) or Korean,Regular,Ile-de-France,3424.5
0.24,i,0.0,69.0,Japanese (except Nissan) or Korean,Regular,Ile-de-France,3424.5
0.55,e,0.0,45.0,Japanese (except Nissan) or Korean,Regular,Ile-de-France,3193.0
0.22,e,0.0,45.0,Japanese (except Nissan) or Korean,Regular,Ile-de-France,3193.0
0.79,f,5.0,23.0,"Volkswagen, Audi, Skoda or Seat",Regular,Basse-Normandie,1322.0
0.01,f,0.0,52.0,Japanese (except Nissan) or Korean,Regular,Ile-de-France,3424.5
0.72,f,0.0,52.0,Japanese (except Nissan) or Korean,Regular,Ile-de-France,3424.5
0.04,f,0.0,52.0,Japanese (except Nissan) or Korean,Regular,Ile-de-France,3424.5
0.79,f,2.0,26.0,Japanese (except Nissan) or Korean,Diesel,Limousin,539.0
0.79,d,1.0,58.0,Japanese (except Nissan) or Korean,Regular,Poitou-Charentes,43.0
0.47,g,0.0,46.0,Japanese (except Nissan) or Korean,Diesel,Pays-de-la-Loire,3424.5
0.32,g,0.0,46.0,Japanese (except Nissan) or Korean,Diesel,Pays-de-la-Loire,3424.5
0.02,i,0.0,43.0,Japanese (except Nissan) or Korean,Regular,Ile-de-France,3424.5
0.08,i,0.0,43.0,Japanese (except Nissan) or Korean,Regular,Ile-de-France,3424.5
0.68,i,0.0,43.0,Japanese (except Nissan) or Korean,Regular,Ile-de-France,3424.5
0.56,d,0.0,49.0,Japanese (except Nissan) or Korean,Regular,Aquitaine,127.0
0.04,d,0.0,49.0,Japanese (except Nissan) or Korean,Regular,Aquitaine,127.0
0.18,d,0.0,49.0,Japanese (except Nissan) or Korean,Regular,Aquitaine,127.0
0.79,d,0.0,23.0,Japanese (except Nissan) or Korean,Regular,Haute-Normandie,88.0
0.09,j,0.0,36.0,Japanese (except Nissan) or Korean,Diesel,Ile-de-France,3366.0
0.69,j,0.0,36.0,Japanese (except Nissan) or Korean,Diesel,Ile-de-France,3366.0
0.7,k,3.0,52.0,Japanese (except Nissan) or Korean,Diesel,Ile-de-France,104.0
0.66,g,0.0,28.0,Japanese (except Nissan) or Korean,Regular,Aquitaine,52.0
0.12,g,0.0,28.0,Japanese (except Nissan) or Korean,Regular,Aquitaine,52.0
0.08,e,0.0,36.0,Japanese (except Nissan) or Korean,Regular,Ile-de-France,3274.0
0.5,e,0.0,36.0,Japanese (except Nissan) or Korean,Regular,Ile-de-France,3274.0
0.2,e,0.0,36.0,Japanese (except Nissan) or Korean,Regular,Ile-de-France,3274.0
0.03,k,0.0,39.0,Japanese (except Nissan) or Korean,Diesel,Pays-de-la-Loire,55.0
0.76,k,0.0,39.0,Japanese (except Nissan) or Korean,Diesel,Pays-de-la-Loire,55.0
0.79,e,0.0,32.0,Japanese (except Nissan) or Korean,Regular,Poitou-Charentes,63.0
0.65,h,0.0,48.0,Japanese (except Nissan) or Korean,Regular,Aquitaine,332.0
0.13,h,0.0,48.0,Japanese (except Nissan) or Korean,Regular,Aquitaine,332.0
0.78,f,2.0,39.0,Japanese (except Nissan) or Korean,Diesel,Nord-Pas-de-Calais,265.0
0.01,g,0.0,41.0,Japanese (except Nissan) or Korean,Diesel,Ile-de-France,3424.5
0.77,g,0.0,41.0,Japanese (except Nissan) or Korean,Diesel,Ile-de-France,3424.5
0.18,e,0.0,39.0,Japanese (except Nissan) or Korean,Regular,Pays-de-la-Loire,80.0
0.6,e,0.0,39.0,Japanese (except Nissan) or Korean,Regular,Pays-de-la-Loire,80.0
0.72,d,0.0,39.0,Japanese (except Nissan) or Korean,Regular,Nord-Pas-de-Calais,1707.0
0.06,d,0.0,39.0,Japanese (except Nissan) or Korean,Regular,Nord-Pas-de-Calais,1707.0
0.78,e,5.0,33.0,"Opel, General Motors or Ford",Regular,Nord-Pas-de-Calais,3424.5
0.08,g,0.0,62.0,Japanese (except Nissan) or Korean,Diesel,Pays-de-la-Loire,563.0
0.7,g,0.0,62.0,Japanese (except Nissan) or Korean,Diesel,Pays-de-la-Loire,563.0
0.32,g,10.0,35.0,"Renault, Nissan or Citroen",Regular,Ile-de-France,3424.5
0.25,g,10.0,35.0,"Renault, Nissan or Citroen",Regular,Ile-de-France,3424.5
0.21,g,10.0,35.0,"Renault, Nissan or Citroen",Regular,Ile-de-France,3424.5
0.56,k,3.0,53.0,"Renault, Nissan or Citroen",Diesel,Basse-Normandie,98.0
0.15,k,3.0,53.0,"Renault, Nissan or Citroen",Diesel,Basse-Normandie,98.0
0.06,k,3.0,53.0,"Renault, Nissan or Citroen",Diesel,Basse-Normandie,98.0
0.03,i,0.0,36.0,Japanese (except Nissan) or Korean,Diesel,Ile-de-France,688.0
0.69,i,0.0,36.0,Japanese (except Nissan) or Korean,Diesel,Ile-de-France,688.0
0.05,i,0.0,36.0,Japanese (except Nissan) or Korean,Diesel,Ile-de-France,688.0
0.74,f,4.0,44.0,Japanese (except Nissan) or Korean,Diesel,Ile-de-France,3424.5
0.07,f,4.0,44.0,Japanese (except Nissan) or Korean,Diesel,Ile-de-France,3424.5
0.1,g,0.0,34.0,Japanese (except Nissan) or Korean,Diesel,Ile-de-France,3424.5
0.68,g,0.0,34.0,Japanese (except Nissan) or Korean,Diesel,Ile-de-France,3424.5
0.75,d,4.0,46.0,Fiat,Regular,Ile-de-France,56.0
0.72,h,6.0,46.0,Japanese (except Nissan) or Korean,Regular,Ile-de-France,56.0
0.03,j,6.0,46.0,Japanese (except Nissan) or Korean,Regular,Ile-de-France,56.0
0.65,g,0.0,39.0,Japanese (except Nissan) or Korean,Diesel,Bretagne,3021.0
0.12,g,0.0,39.0,Japanese (except Nissan) or Korean,Diesel,Bretagne,3021.0
0.78,g,2.0,38.0,Japanese (except Nissan) or Korean,Regular,Ile-de-France,1662.0
0.78,g,5.0,25.0,"Renault, Nissan or Citroen",Diesel,Pays-de-la-Loire,3424.5
0.59,g,2.0,39.0,Japanese (except Nissan) or Korean,Regular,Aquitaine,3424.5
0.18,g,2.0,39.0,Japanese (except Nissan) or Korean,Regular,Aquitaine,3424.5
0.00273224043715847,h,0.0,49.0,Japanese (except Nissan) or Korean,Regular,Ile-de-France,645.0
0.72,h,0.0,49.0,Japanese (except Nissan) or Korean,Regular,Ile-de-France,645.0
0.05,h,0.0,49.0,Japanese (except Nissan) or Korean,Regular,Ile-de-France,645.0
0.77,g,8.0,60.0,Japanese (except Nissan) or Korean,Diesel,Nord-Pas-de-Calais,63.0
0.77,g,0.0,76.0,Japanese (except Nissan) or Korean,Regular,Ile-de-France,3424.5
0.03,f,0.0,49.0,Japanese (except Nissan) or Korean,Diesel,Aquitaine,54.0
0.22,f,0.0,49.0,Japanese (except Nissan) or Korean,Diesel,Aquitaine,54.0
0.51,f,0.0,49.0,Japanese (except Nissan) or Korean,Diesel,Aquitaine,54.0
0.77,i,8.0,39.0,Japanese (except Nissan) or Korean,Diesel,Pays-de-la-Loire,620.0
0.1,j,0.0,58.0,Japanese (except Nissan) or Korean,Diesel,Aquitaine,844.0
0.64,j,0.0,58.0,Japanese (except Nissan) or Korean,Diesel,Aquitaine,844.0
0.18,j,0.0,58.0,Japanese (except Nissan) or Korean,Diesel,Aquitaine,844.0
0.24,i,0.0,36.0,Japanese (except Nissan) or Korean,Regular,Poitou-Charentes,76.0
0.53,d,0.0,36.0,Japanese (except Nissan) or Korean,Regular,Poitou-Charentes,76.0
0.77,f,5.0,34.0,Japanese (except Nissan) or Korean,Regular,Ile-de-France,793.0
0.16,d,0.0,58.0,Japanese (except Nissan) or Korean,Regular,Pays-de-la-Loire,568.0
0.6,d,0.0,58.0,Japanese (except Nissan) or Korean,Regular,Pays-de-la-Loire,568.0
0.71,d,0.0,50.0,Japanese (except Nissan) or Korean,Regular,Pays-de-la-Loire,34.0
0.06,d,0.0,50.0,Japanese (except Nissan) or Korean,Regular,Pays-de-la-Loire,34.0
0.77,f,5.0,26.0,Japanese (except Nissan) or Korean,Regular,Ile-de-France,3424.5
0.74,j,0.0,53.0,Japanese (except Nissan) or Korean,Diesel,Aquitaine,127.0
0.47,d,0.0,64.0,Japanese (except Nissan) or Korean,Regular,Ile-de-France,3424.5
0.23,d,0.0,64.0,Japanese (except Nissan) or Korean,Regular,Ile-de-France,3424.5
0.06,d,0.0,64.0,Japanese (except Nissan) or Korean,Regular,Ile-de-France,3424.5
0.17,d,0.0,54.0,Japanese (except Nissan) or Korean,Regular,Ile-de-France,3424.5
0.6,d,0.0,54.0,Japanese (except Nissan) or Korean,Regular,Ile-de-France,3424.5
0.74,h,0.0,25.0,Japanese (except Nissan) or Korean,Diesel,Ile-de-France,1807.0
0.03,h,0.0,25.0,Japanese (except Nissan) or Korean,Diesel,Ile-de-France,1807.0
0.08,d,0.0,44.0,Japanese (except Nissan) or Korean,Regular,Aquitaine,175.0
0.68,d,0.0,44.0,Japanese (except Nissan) or Korean,Regular,Aquitaine,175.0
0.77,f,0.0,60.0,Japanese (except Nissan) or Korean,Regular,Poitou-Charentes,22.0
0.26,i,0.0,35.0,Japanese (except Nissan) or Korean,Regular,Ile-de-France,1139.0
0.5,i,0.0,35.0,Japanese (except Nissan) or Korean,Regular,Ile-de-France,1139.0
0.73,f,0.0,74.0,Japanese (except Nissan) or Korean,Regular,Ile-de-France,3132.0
0.07,f,0.0,74.0,Japanese (except Nissan) or Korean,Regular,Ile-de-France,3132.0
0.02,e,0.0,43.0,Japanese (except Nissan) or Korean,Regular,Aquitaine,55.0
0.52,e,0.0,43.0,Japanese (except Nissan) or Korean,Regular,Aquitaine,55.0
0.22,e,0.0,43.0,Japanese (except Nissan) or Korean,Regular,Aquitaine,55.0
0.02,f,8.0,24.0,Japanese (except Nissan) or Korean,Regular,Centre,2399.0
0.7,f,8.0,24.0,Japanese (except Nissan) or Korean,Regular,Centre,2399.0
0.04,f,8.0,24.0,Japanese (except Nissan) or Korean,Regular,Centre,2399.0
0.77,d,1.0,70.0,Japanese (except Nissan) or Korean,Regular,Limousin,75.0
0.02,d,0.0,31.0,Japanese (except Nissan) or Korean,Regular,Ile-de-France,1957.0
0.07,d,0.0,31.0,Japanese (except Nissan) or Korean,Regular,Ile-de-France,1957.0
0.67,d,0.0,31.0,Japanese (except Nissan) or Korean,Regular,Ile-de-France,1957.0
0.63,j,10.0,51.0,Japanese (except Nissan) or Korean,Diesel,Pays-de-la-Loire,1457.0
0.13,j,10.0,51.0,Japanese (except Nissan) or Korean,Diesel,Pays-de-la-Loire,1457.0
0.72,d,8.0,43.0,"Renault, Nissan or Citroen",Regular,Pays-de-la-Loire,94.0
0.75,d,0.0,46.0,Japanese (except Nissan) or Korean,Regular,Ile-de-France,3424.5
0.76,l,9.0,51.0,Japanese (except Nissan) or Korean,Regular,Bretagne,17.0
0.02,e,1.0,59.0,Japanese (except Nissan) or Korean,Regular,Aquitaine,280.0
0.17,e,1.0,59.0,Japanese (except Nissan) or Korean,Regular,Aquitaine,280.0
0.22,e,1.0,59.0,Japanese (except Nissan) or Korean,Regular,Aquitaine,280.0
0.26,d,0.0,29.0,Japanese (except Nissan) or Korean,Regular,Aquitaine,3424.5
0.15,d,0.0,29.0,Japanese (except Nissan) or Korean,Regular,Aquitaine,3424.5
0.34,d,0.0,29.0,Japanese (except Nissan) or Korean,Regular,Aquitaine,3424.5
0.65,f,8.0,49.0,"Renault, Nissan or Citroen",Regular,Ile-de-France,3424.5
0.1,f,8.0,49.0,"Renault, Nissan or Citroen",Regular,Ile-de-France,3424.5
0.03,f,9.0,41.0,Japanese (except Nissan) or Korean,Regular,Basse-Normandie,1021.0
0.71,f,9.0,41.0,Japanese (except Nissan) or Korean,Regular,Basse-Normandie,1021.0
0.64,i,0.0,63.0,Japanese (except Nissan) or Korean,Regular,Aquitaine,17.0
0.11,i,0.0,63.0,Japanese (except Nissan) or Korean,Regular,Aquitaine,17.0
0.69,d,0.0,24.0,Japanese (except Nissan) or Korean,Regular,Pays-de-la-Loire,1489.0
0.06,d,0.0,24.0,Japanese (except Nissan) or Korean,Regular,Pays-de-la-Loire,1489.0
0.67,g,0.0,40.0,Japanese (except Nissan) or Korean,Diesel,Limousin,143.0
0.08,g,0.0,40.0,Japanese (except Nissan) or Korean,Diesel,Limousin,143.0
0.65,i,3.0,25.0,Japanese (except Nissan) or Korean,Regular,Ile-de-France,38.0
0.1,i,3.0,25.0,Japanese (except Nissan) or Korean,Regular,Ile-de-France,38.0
0.49,e,0.0,50.0,Japanese (except Nissan) or Korean,Regular,Pays-de-la-Loire,1408.0
0.14,e,0.0,50.0,Japanese (except Nissan) or Korean,Regular,Pays-de-la-Loire,1408.0
0.11,e,0.0,50.0,Japanese (except Nissan) or Korean,Regular,Pays-de-la-Loire,1408.0
0.75,e,3.0,44.0,"Renault, Nissan or Citroen",Regular,Aquitaine,127.0
0.75,d,9.0,32.0,Japanese (except Nissan) or Korean,Regular,Poitou-Charentes,184.0
0.64,e,0.0,26.0,Japanese (except Nissan) or Korean,Regular,Ile-de-France,3424.5
0.11,e,0.0,26.0,Japanese (except Nissan) or Korean,Regular,Ile-de-France,3424.5
0.68,k,0.0,58.0,Japanese (except Nissan) or Korean,Diesel,Ile-de-France,3424.5
0.07,k,0.0,58.0,Japanese (except Nissan) or Korean,Diesel,Ile-de-France,3424.5
0.05,e,0.0,26.0,Japanese (except Nissan) or Korean,Regular,Ile-de-France,3023.0
0.69,e,0.0,26.0,Japanese (except Nissan) or Korean,Regular,Ile-de-France,3023.0
0.53,d,0.0,22.0,Japanese (except Nissan) or Korean,Regular,Nord-Pas-de-Calais,3424.5
0.24,d,0.0,22.0,Japanese (except Nissan) or Korean,Regular,Nord-Pas-de-Calais,3424.5
0.68,g,5.0,33.0,Japanese (except Nissan) or Korean,Regular,Ile-de-France,3424.5
0.07,g,5.0,33.0,Japanese (except Nissan) or Korean,Regular,Ile-de-France,3424.5
0.75,g,7.0,30.0,"Renault, Nissan or Citroen",Regular,Ile-de-France,3132.0
0.75,f,1.0,38.0,Japanese (except Nissan) or Korean,Regular,Nord-Pas-de-Calais,2949.0
0.00819672131147541,e,0.0,29.0,Japanese (except Nissan) or Korean,Regular,Ile-de-France,2178.0
0.63,e,0.0,29.0,Japanese (except Nissan) or Korean,Regular,Ile-de-France,2178.0
0.1,e,0.0,29.0,Japanese (except Nissan) or Korean,Regular,Ile-de-France,2178.0
0.72,e,0.0,53.0,Japanese (except Nissan) or Korean,Regular,Ile-de-France,3302.0
0.03,e,0.0,53.0,Japanese (except Nissan) or Korean,Regular,Ile-de-France,3302.0
0.75,j,10.0,34.0,"Renault, Nissan or Citroen",Regular,Ile-de-France,3424.5
0.1,i,0.0,78.0,Japanese (except Nissan) or Korean,Regular,Aquitaine,2580.0
0.64,i,0.0,78.0,Japanese (except Nissan) or Korean,Regular,Aquitaine,2580.0
0.75,j,8.0,50.0,Japanese (except Nissan) or Korean,Regular,Ile-de-France,3424.5
0.09,e,0.0,77.0,Japanese (except Nissan) or Korean,Regular,Ile-de-France,3424.5
0.66,e,0.0,77.0,Japanese (except Nissan) or Korean,Regular,Ile-de-France,3424.5
0.08,e,0.0,52.0,Japanese (except Nissan) or Korean,Regular,Ile-de-France,122.0
0.6,e,0.0,52.0,Japanese (except Nissan) or Korean,Regular,Ile-de-France,122.0
0.06,g,4.0,45.0,Japanese (except Nissan) or Korean,Regular,Aquitaine,1516.0
0.68,g,4.0,45.0,Japanese (except Nissan) or Korean,Regular,Aquitaine,1516.0
0.11,e,0.0,69.0,Japanese (except Nissan) or Korean,Regular,Nord-Pas-de-Calais,818.0
0.62,e,0.0,69.0,Japanese (except Nissan) or Korean,Regular,Nord-Pas-de-Calais,818.0
0.08,g,0.0,33.0,Japanese (except Nissan) or Korean,Diesel,Ile-de-France,50.0
0.27,g,0.0,33.0,Japanese (except Nissan) or Korean,Diesel,Ile-de-France,50.0
0.39,g,0.0,33.0,Japanese (except Nissan) or Korean,Diesel,Ile-de-France,50.0
0.1,g,4.0,33.0,"Renault, Nissan or Citroen",Diesel,Ile-de-France,1929.0
0.52,g,4.0,33.0,"Renault, Nissan or Citroen",Diesel,Ile-de-France,1929.0
0.06,d,0.0,63.0,Japanese (except Nissan) or Korean,Regular,Ile-de-France,3424.5
0.68,d,0.0,63.0,Japanese (except Nissan) or Korean,Regular,Ile-de-France,3424.5
0.09,d,0.0,37.0,Japanese (except Nissan) or Korean,Regular,Aquitaine,48.0
0.65,d,0.0,37.0,Japanese (except Nissan) or Korean,Regular,Aquitaine,48.0
0.74,f,7.0,33.0,Japanese (except Nissan) or Korean,Regular,Ile-de-France,3132.0
0.74,d,0.0,34.0,Japanese (except Nissan) or Korean,Regular,Nord-Pas-de-Calais,2703.0
0.19,e,0.0,29.0,Japanese (except Nissan) or Korean,Regular,Ile-de-France,3424.5
0.54,e,0.0,29.0,Japanese (except Nissan) or Korean,Regular,Ile-de-France,3424.5
0.54,e,0.0,41.0,Japanese (except Nissan) or Korean,Regular,Ile-de-France,353.0
0.19,e,0.0,41.0,Japanese (except Nissan) or Korean,Regular,Ile-de-France,353.0
0.55,e,0.0,69.0,Japanese (except Nissan) or Korean,Regular,Ile-de-France,3424.5
0.18,e,0.0,69.0,Japanese (except Nissan) or Korean,Regular,Ile-de-France,3424.5
0.66,f,0.0,67.0,Japanese (except Nissan) or Korean,Diesel,Basse-Normandie,1322.0
0.07,f,0.0,67.0,Japanese (except Nissan) or Korean,Diesel,Basse-Normandie,1322.0
0.04,i,0.0,50.0,Japanese (except Nissan) or Korean,Regular,Aquitaine,353.0
0.69,i,0.0,50.0,Japanese (except Nissan) or Korean,Regular,Aquitaine,353.0
0.74,g,1.0,44.0,Japanese (except Nissan) or Korean,Regular,Ile-de-France,145.0
0.11,f,0.0,31.0,Japanese (except Nissan) or Korean,Regular,Ile-de-France,3424.5
0.62,f,0.0,31.0,Japanese (except Nissan) or Korean,Regular,Ile-de-France,3424.5
0.13,d,0.0,34.0,Japanese (except Nissan) or Korean,Regular,Ile-de-France,3424.5
0.6,d,0.0,34.0,Japanese (except Nissan) or Korean,Regular,Ile-de-France,3424.5
0.49,e,0.0,34.0,Japanese (except Nissan) or Korean,Regular,Bretagne,92.0
0.3,e,0.0,34.0,Japanese (except Nissan) or Korean,Regular,Bretagne,92.0
0.1,j,10.0,27.0,Japanese (except Nissan) or Korean,Regular,Ile-de-France,2517.0
0.62,j,10.0,27.0,Japanese (except Nissan) or Korean,Regular,Ile-de-France,2517.0
0.74,i,0.0,30.0,Japanese (except Nissan) or Korean,Regular,Ile-de-France,3424.5
0.08,e,0.0,55.0,Japanese (except Nissan) or Korean,Regular,Ile-de-France,3424.5
0.01,e,0.0,55.0,Japanese (except Nissan) or Korean,Regular,Ile-de-France,3424.5
0.64,e,0.0,55.0,Japanese (except Nissan) or Korean,Regular,Ile-de-France,3424.5
0.04,d,0.0,54.0,Japanese (except Nissan) or Korean,Regular,Aquitaine,3424.5
0.69,d,0.0,54.0,Japanese (except Nissan) or Korean,Regular,Aquitaine,3424.5
0.16,e,0.0,23.0,Japanese (except Nissan) or Korean,Regular,Ile-de-France,1867.0
0.56,e,0.0,23.0,Japanese (except Nissan) or Korean,Regular,Ile-de-France,1867.0
0.04,h,0.0,53.0,Japanese (except Nissan) or Korean,Regular,Ile-de-France,3132.0
0.69,h,0.0,53.0,Japanese (except Nissan) or Korean,Regular,Ile-de-France,3132.0
0.11,f,0.0,75.0,Japanese (except Nissan) or Korean,Regular,Pays-de-la-Loire,1199.0
0.62,f,0.0,75.0,Japanese (except Nissan) or Korean,Regular,Pays-de-la-Loire,1199.0
0.08,e,0.0,49.0,Japanese (except Nissan) or Korean,Regular,Ile-de-France,728.0
0.64,e,0.0,49.0,Japanese (except Nissan) or Korean,Regular,Ile-de-France,728.0
0.73,e,1.0,42.0,Japanese (except Nissan) or Korean,Diesel,Nord-Pas-de-Calais,1168.0
0.08,f,0.0,79.0,Japanese (except Nissan) or Korean,Regular,Aquitaine,3424.5
0.01,f,0.0,79.0,Japanese (except Nissan) or Korean,Regular,Aquitaine,3424.5
0.12,e,0.0,49.0,Japanese (except Nissan) or Korean,Diesel,Pays-de-la-Loire,23.0
0.53,e,0.0,49.0,Japanese (except Nissan) or Korean,Diesel,Pays-de-la-Loire,23.0
0.07,e,0.0,49.0,Japanese (except Nissan) or Korean,Diesel,Pays-de-la-Loire,23.0
0.73,e,0.0,49.0,Japanese (except Nissan) or Korean,Regular,Ile-de-France,3424.5
0.36,e,0.0,24.0,Japanese (except Nissan) or Korean,Regular,Ile-de-France,1842.0
0.37,e,0.0,24.0,Japanese (except Nissan) or Korean,Regular,Ile-de-France,1842.0
0.73,e,0.0,22.0,Japanese (except Nissan) or Korean,Regular,Ile-de-France,3424.5
0.16,j,2.0,34.0,other,Regular,Ile-de-France,304.0
0.23,j,2.0,34.0,other,Regular,Ile-de-France,304.0
0.1,j,2.0,34.0,other,Regular,Ile-de-France,304.0
0.14,j,2.0,34.0,other,Regular,Ile-de-France,304.0
0.66,g,0.0,73.0,Japanese (except Nissan) or Korean,Regular,Ile-de-France,3424.5
0.06,g,0.0,73.0,Japanese (except Nissan) or Korean,Regular,Ile-de-France,3424.5
0.05,g,0.0,47.0,Japanese (except Nissan) or Korean,Regular,Ile-de-France,1662.0
0.62,g,0.0,47.0,Japanese (except Nissan) or Korean,Regular,Ile-de-France,1662.0
0.05,g,0.0,47.0,Japanese (except Nissan) or Korean,Regular,Ile-de-France,1662.0
0.09,i,0.0,40.0,Japanese (except Nissan) or Korean,Regular,Pays-de-la-Loire,182.0
0.14,i,0.0,40.0,Japanese (except Nissan) or Korean,Regular,Pays-de-la-Loire,182.0
0.5,i,0.0,40.0,Japanese (except Nissan) or Korean,Regular,Pays-de-la-Loire,182.0
0.04,e,0.0,45.0,Japanese (except Nissan) or Korean,Regular,Aquitaine,1294.0
0.68,e,0.0,45.0,Japanese (except Nissan) or Korean,Regular,Aquitaine,1294.0
0.08,e,0.0,50.0,Japanese (except Nissan) or Korean,Regular,Ile-de-France,400.0
0.00546448087431694,e,0.0,50.0,Japanese (except Nissan) or Korean,Regular,Ile-de-France,400.0
0.64,e,0.0,50.0,Japanese (except Nissan) or Korean,Regular,Ile-de-France,400.0
0.19,e,0.0,68.0,Japanese (except Nissan) or Korean,Diesel,Nord-Pas-de-Calais,75.0
0.7,e,1.0,68.0,Japanese (except Nissan) or Korean,Diesel,Nord-Pas-de-Calais,75.0
0.72,e,0.0,47.0,Japanese (except Nissan) or Korean,Regular,Ile-de-France,3424.5
0.56,d,0.0,57.0,Japanese (except Nissan) or Korean,Regular,Ile-de-France,283.0
0.16,d,0.0,57.0,Japanese (except Nissan) or Korean,Regular,Ile-de-France,283.0
0.22,f,5.0,34.0,Japanese (except Nissan) or Korean,Regular,Ile-de-France,1874.0
0.5,f,5.0,34.0,Japanese (except Nissan) or Korean,Regular,Ile-de-France,1874.0
0.72,j,3.0,37.0,Japanese (except Nissan) or Korean,Regular,Basse-Normandie,3424.5
0.72,f,0.0,52.0,Japanese (except Nissan) or Korean,Regular,Pays-de-la-Loire,149.0
0.09,d,0.0,31.0,Japanese (except Nissan) or Korean,Regular,Ile-de-France,424.0
0.62,d,0.0,31.0,Japanese (except Nissan) or Korean,Regular,Ile-de-France,424.0
0.72,g,0.0,65.0,Japanese (except Nissan) or Korean,Regular,Ile-de-France,2090.0
0.03,g,2.0,33.0,Japanese (except Nissan) or Korean,Regular,Basse-Normandie,866.0
0.69,g,2.0,33.0,Japanese (except Nissan) or Korean,Regular,Basse-Normandie,866.0
0.64,d,0.0,39.0,Japanese (except Nissan) or Korean,Regular,Basse-Normandie,1021.0
0.07,d,0.0,39.0,Japanese (except Nissan) or Korean,Regular,Basse-Normandie,1021.0
0.58,e,0.0,56.0,Japanese (except Nissan) or Korean,Regular,Nord-Pas-de-Calais,193.0
0.13,e,0.0,56.0,Japanese (except Nissan) or Korean,Regular,Nord-Pas-de-Calais,193.0
0.77,j,3.0,68.0,Japanese (except Nissan) or Korean,Regular,Ile-de-France,3424.5
0.65,f,0.0,26.0,Japanese (except Nissan) or Korean,Regular,Ile-de-France,1542.0
0.07,f,0.0,26.0,Japanese (except Nissan) or Korean,Regular,Ile-de-France,1542.0
0.01,e,0.0,41.0,Japanese (except Nissan) or Korean,Diesel,Pays-de-la-Loire,83.0
0.64,e,0.0,41.0,Japanese (except Nissan) or Korean,Diesel,Pays-de-la-Loire,83.0
0.06,e,0.0,41.0,Japanese (except Nissan) or Korean,Diesel,Pays-de-la-Loire,83.0
0.26,d,0.0,27.0,Japanese (except Nissan) or Korean,Regular,Ile-de-France,3424.5
0.45,d,0.0,27.0,Japanese (except Nissan) or Korean,Regular,Ile-de-France,3424.5
0.09,d,0.0,31.0,Japanese (except Nissan) or Korean,Regular,Aquitaine,3424.5
0.62,d,0.0,31.0,Japanese (except Nissan) or Korean,Regular,Aquitaine,3424.5
0.18,e,1.0,54.0,Japanese (except Nissan) or Korean,Regular,Nord-Pas-de-Calais,88.0
0.53,e,1.0,54.0,Japanese (except Nissan) or Korean,Regular,Nord-Pas-de-Calais,88.0
0.08,f,1.0,46.0,Japanese (except Nissan) or Korean,Diesel,Centre,121.0
0.04,f,1.0,46.0,Japanese (except Nissan) or Korean,Diesel,Centre,121.0
0.01,e,0.0,40.0,Japanese (except Nissan) or Korean,Regular,Ile-de-France,3420.0
0.06,e,0.0,40.0,Japanese (except Nissan) or Korean,Regular,Ile-de-France,3420.0
0.62,e,0.0,40.0,Japanese (except Nissan) or Korean,Regular,Ile-de-France,3420.0
0.66,g,0.0,56.0,Japanese (except Nissan) or Korean,Regular,Ile-de-France,3424.5
0.04,g,0.0,56.0,Japanese (except Nissan) or Korean,Regular,Ile-de-France,3424.5
0.18,d,0.0,54.0,Japanese (except Nissan) or Korean,Regular,Pays-de-la-Loire,93.0
0.2,d,0.0,54.0,Japanese (except Nissan) or Korean,Regular,Pays-de-la-Loire,93.0
0.66,i,0.0,45.0,Japanese (except Nissan) or Korean,Regular,Ile-de-France,720.0
0.06,i,0.0,45.0,Japanese (except Nissan) or Korean,Regular,Ile-de-France,720.0
0.08,i,0.0,37.0,Japanese (except Nissan) or Korean,Regular,Ile-de-France,3424.5
0.63,i,0.0,37.0,Japanese (except Nissan) or Korean,Regular,Ile-de-France,3424.5
0.05,g,0.0,67.0,Japanese (except Nissan) or Korean,Diesel,Poitou-Charentes,29.0
0.67,g,0.0,67.0,Japanese (except Nissan) or Korean,Diesel,Poitou-Charentes,29.0
0.71,j,0.0,60.0,Japanese (except Nissan) or Korean,Diesel,Ile-de-France,3424.5
0.25,g,0.0,31.0,Japanese (except Nissan) or Korean,Diesel,Ile-de-France,3424.5
0.03,g,0.0,31.0,Japanese (except Nissan) or Korean,Diesel,Ile-de-France,3424.5
0.42,g,0.0,31.0,Japanese (except Nissan) or Korean,Diesel,Ile-de-France,3424.5
0.65,e,0.0,49.0,Japanese (except Nissan) or Korean,Regular,Ile-de-France,686.0
0.05,e,0.0,49.0,Japanese (except Nissan) or Korean,Regular,Ile-de-France,686.0
0.78,e,0.0,75.0,Japanese (except Nissan) or Korean,Regular,Aquitaine,695.0
0.64,j,0.0,55.0,Japanese (except Nissan) or Korean,Regular,Ile-de-France,2311.0
0.07,j,0.0,55.0,Japanese (except Nissan) or Korean,Regular,Ile-de-France,2311.0
0.03,g,8.0,33.0,"Renault, Nissan or Citroen",Regular,Ile-de-France,3424.5
0.08,g,8.0,33.0,"Renault, Nissan or Citroen",Regular,Ile-de-France,3424.5
0.59,g,8.0,33.0,"Renault, Nissan or Citroen",Regular,Ile-de-France,3424.5
0.12,e,0.0,32.0,Japanese (except Nissan) or Korean,Regular,Ile-de-France,3424.5
0.53,e,0.0,32.0,Japanese (except Nissan) or Korean,Regular,Ile-de-France,3424.5
0.06,e,0.0,32.0,Japanese (except Nissan) or Korean,Regular,Ile-de-France,3424.5
0.1,g,2.0,71.0,Japanese (except Nissan) or Korean,Regular,Ile-de-France,2201.0
0.02,g,0.0,71.0,Japanese (except Nissan) or Korean,Regular,Ile-de-France,2201.0
0.15,g,2.0,71.0,Japanese (except Nissan) or Korean,Regular,Ile-de-France,2201.0
0.42,g,0.0,71.0,Japanese (except Nissan) or Korean,Regular,Ile-de-France,2201.0
0.66,e,0.0,34.0,Japanese (except Nissan) or Korean,Regular,Ile-de-France,3424.5
0.04,e,0.0,34.0,Japanese (except Nissan) or Korean,Regular,Ile-de-France,3424.5
0.71,e,0.0,29.0,Japanese (except Nissan) or Korean,Regular,Centre,3424.5
0.71,d,0.0,48.0,Japanese (except Nissan) or Korean,Regular,Aquitaine,254.0
0.17,g,0.0,36.0,Japanese (except Nissan) or Korean,Diesel,Nord-Pas-de-Calais,3095.0
0.53,g,0.0,36.0,Japanese (except Nissan) or Korean,Diesel,Nord-Pas-de-Calais,3095.0
0.2,e,0.0,44.0,Japanese (except Nissan) or Korean,Regular,Ile-de-France,923.0
0.5,e,0.0,44.0,Japanese (except Nissan) or Korean,Regular,Ile-de-France,923.0
0.08,f,0.0,76.0,Japanese (except Nissan) or Korean,Diesel,Basse-Normandie,247.0
0.62,f,0.0,76.0,Japanese (except Nissan) or Korean,Diesel,Basse-Normandie,247.0
0.46,g,0.0,75.0,Japanese (except Nissan) or Korean,Regular,Aquitaine,175.0
0.07,g,0.0,75.0,Japanese (except Nissan) or Korean,Regular,Aquitaine,175.0
0.16,g,0.0,75.0,Japanese (except Nissan) or Korean,Regular,Aquitaine,175.0
0.68,g,8.0,28.0,"Volkswagen, Audi, Skoda or Seat",Regular,Haute-Normandie,55.0
0.01,g,0.0,45.0,Japanese (except Nissan) or Korean,Diesel,Ile-de-France,3424.5
0.2,g,0.0,45.0,Japanese (except Nissan) or Korean,Diesel,Ile-de-France,3424.5
0.49,g,0.0,45.0,Japanese (except Nissan) or Korean,Diesel,Ile-de-France,3424.5
0.79,d,0.0,65.0,Japanese (except Nissan) or Korean,Regular,Ile-de-France,312.0
0.09,g,0.0,68.0,Japanese (except Nissan) or Korean,Regular,Haute-Normandie,959.0
0.6,g,0.0,68.0,Japanese (except Nissan) or Korean,Regular,Haute-Normandie,959.0
0.09,e,0.0,30.0,Japanese (except Nissan) or Korean,Regular,Limousin,1729.0
0.61,e,0.0,30.0,Japanese (except Nissan) or Korean,Regular,Limousin,1729.0
0.25,f,0.0,36.0,Japanese (except Nissan) or Korean,Regular,Ile-de-France,503.0
0.44,f,0.0,36.0,Japanese (except Nissan) or Korean,Regular,Ile-de-France,503.0
0.71,f,6.0,36.0,"Renault, Nissan or Citroen",Diesel,Centre,2399.0
0.71,d,0.0,34.0,"Renault, Nissan or Citroen",Regular,Ile-de-France,3424.5
0.56,d,0.0,46.0,Japanese (except Nissan) or Korean,Regular,Pays-de-la-Loire,498.0
0.13,d,0.0,46.0,Japanese (except Nissan) or Korean,Regular,Pays-de-la-Loire,498.0
0.47,i,0.0,36.0,Japanese (except Nissan) or Korean,Regular,Ile-de-France,3424.5
0.22,i,0.0,36.0,Japanese (except Nissan) or Korean,Regular,Ile-de-France,3424.5
0.76,g,0.0,52.0,Japanese (except Nissan) or Korean,Regular,Ile-de-France,3424.5
0.54,f,2.0,40.0,Japanese (except Nissan) or Korean,Regular,Ile-de-France,817.0
0.16,f,2.0,40.0,Japanese (except Nissan) or Korean,Regular,Ile-de-France,817.0
0.7,g,5.0,32.0,Japanese (except Nissan) or Korean,Regular,Ile-de-France,3424.5
0.57,d,0.0,27.0,Japanese (except Nissan) or Korean,Regular,Ile-de-France,3424.5
0.09,d,0.0,27.0,Japanese (except Nissan) or Korean,Regular,Ile-de-France,3424.5
0.06,d,0.0,27.0,Japanese (except Nissan) or Korean,Regular,Ile-de-France,3424.5
0.7,f,0.0,33.0,Japanese (except Nissan) or Korean,Diesel,Pays-de-la-Loire,3424.5
0.75,j,10.0,34.0,"Renault, Nissan or Citroen",Regular,Ile-de-France,3424.5
0.7,e,0.0,25.0,Japanese (except Nissan) or Korean,Regular,Ile-de-France,245.0
0.63,f,0.0,69.0,Japanese (except Nissan) or Korean,Regular,Aquitaine,462.0
0.07,f,0.0,69.0,Japanese (except Nissan) or Korean,Regular,Aquitaine,462.0
0.64,f,0.0,40.0,Japanese (except Nissan) or Korean,Regular,Ile-de-France,232.0
0.05,f,0.0,40.0,Japanese (except Nissan) or Korean,Regular,Ile-de-France,232.0
0.24,e,0.0,29.0,Japanese (except Nissan) or Korean,Regular,Centre,3424.5
0.39,e,0.0,29.0,Japanese (except Nissan) or Korean,Regular,Centre,3424.5
0.05,e,0.0,29.0,Japanese (except Nissan) or Korean,Regular,Centre,3424.5
0.64,d,1.0,61.0,Japanese (except Nissan) or Korean,Regular,Pays-de-la-Loire,3424.5
0.04,d,0.0,61.0,Japanese (except Nissan) or Korean,Regular,Pays-de-la-Loire,3424.5
0.09,g,0.0,57.0,Japanese (except Nissan) or Korean,Regular,Ile-de-France,1858.0
0.6,g,0.0,57.0,Japanese (except Nissan) or Korean,Regular,Ile-de-France,1858.0
0.1,d,0.0,39.0,Japanese (except Nissan) or Korean,Regular,Nord-Pas-de-Calais,645.0
0.6,d,0.0,39.0,Japanese (except Nissan) or Korean,Regular,Nord-Pas-de-Calais,645.0
0.7,g,4.0,44.0,Japanese (except Nissan) or Korean,Regular,Limousin,1729.0
0.13,f,2.0,49.0,Japanese (except Nissan) or Korean,Regular,Ile-de-France,2032.0
0.62,e,0.0,37.0,Japanese (except Nissan) or Korean,Regular,Ile-de-France,534.0
0.07,e,0.0,37.0,Japanese (except Nissan) or Korean,Regular,Ile-de-France,534.0
0.00546448087431694,e,0.0,54.0,Japanese (except Nissan) or Korean,Diesel,Ile-de-France,3424.5
0.62,e,0.0,54.0,Japanese (except Nissan) or Korean,Diesel,Ile-de-France,3424.5
0.07,e,0.0,54.0,Japanese (except Nissan) or Korean,Diesel,Ile-de-France,3424.5
0.67,f,3.0,36.0,Japanese (except Nissan) or Korean,Regular,Ile-de-France,19.0
0.57,l,9.0,53.0,Japanese (except Nissan) or Korean,Regular,Ile-de-France,3110.0
0.11,l,9.0,53.0,Japanese (except Nissan) or Korean,Regular,Ile-de-France,3110.0
0.65,d,0.0,59.0,Japanese (except Nissan) or Korean,Regular,Aquitaine,1309.0
0.04,d,0.0,59.0,Japanese (except Nissan) or Korean,Regular,Aquitaine,1309.0
0.69,e,4.0,60.0,"Renault, Nissan or Citroen",Regular,Nord-Pas-de-Calais,553.0
0.53,e,0.0,27.0,Japanese (except Nissan) or Korean,Regular,Ile-de-France,3424.5
0.16,e,0.0,27.0,Japanese (except Nissan) or Korean,Regular,Ile-de-France,3424.5
0.51,f,3.0,31.0,Japanese (except Nissan) or Korean,Regular,Aquitaine,384.0
0.18,f,3.0,31.0,Japanese (except Nissan) or Korean,Regular,Aquitaine,384.0
0.62,e,0.0,42.0,Japanese (except Nissan) or Korean,Regular,Ile-de-France,3424.5
0.06,e,0.0,42.0,Japanese (except Nissan) or Korean,Regular,Ile-de-France,3424.5
0.69,h,2.0,35.0,Japanese (except Nissan) or Korean,Diesel,Pays-de-la-Loire,92.0
0.08,g,0.0,69.0,Japanese (except Nissan) or Korean,Diesel,Nord-Pas-de-Calais,582.0
0.61,g,0.0,69.0,Japanese (except Nissan) or Korean,Diesel,Nord-Pas-de-Calais,582.0
0.68,d,1.0,37.0,Japanese (except Nissan) or Korean,Regular,Ile-de-France,3424.5
0.08,e,0.0,50.0,Japanese (except Nissan) or Korean,Regular,Ile-de-France,3424.5
0.63,e,0.0,50.0,Japanese (except Nissan) or Korean,Regular,Ile-de-France,3424.5
0.62,f,0.0,27.0,Japanese (except Nissan) or Korean,Regular,Ile-de-France,3424.5
0.06,f,0.0,27.0,Japanese (except Nissan) or Korean,Regular,Ile-de-France,3424.5
0.23,i,0.0,48.0,Japanese (except Nissan) or Korean,Regular,Ile-de-France,3424.5
0.19,i,0.0,48.0,Japanese (except Nissan) or Korean,Regular,Ile-de-France,3424.5
0.25,i,0.0,48.0,Japanese (except Nissan) or Korean,Regular,Ile-de-France,3424.5
0.63,i,0.0,33.0,Japanese (except Nissan) or Korean,Regular,Pays-de-la-Loire,1489.0
0.03,i,0.0,33.0,Japanese (except Nissan) or Korean,Regular,Pays-de-la-Loire,1489.0
0.68,k,6.0,37.0,Japanese (except Nissan) or Korean,Regular,Nord-Pas-de-Calais,694.0
0.62,i,0.0,41.0,Japanese (except Nissan) or Korean,Regular,Ile-de-France,3424.5
0.05,i,0.0,41.0,Japanese (except Nissan) or Korean,Regular,Ile-de-France,3424.5
0.07,f,6.0,24.0,"Opel, General Motors or Ford",Regular,Pays-de-la-Loire,3424.5
0.16,d,10.0,24.0,Fiat,Regular,Pays-de-la-Loire,3424.5
0.44,d,10.0,24.0,Fiat,Regular,Pays-de-la-Loire,3424.5
0.62,g,0.0,63.0,Japanese (except Nissan) or Korean,Diesel,Poitou-Charentes,39.0
0.06,g,0.0,63.0,Japanese (except Nissan) or Korean,Diesel,Poitou-Charentes,39.0
0.6,e,0.0,42.0,Japanese (except Nissan) or Korean,Regular,Ile-de-France,103.0
0.07,e,0.0,42.0,Japanese (except Nissan) or Korean,Regular,Ile-de-France,103.0
0.09,e,0.0,53.0,Japanese (except Nissan) or Korean,Regular,Pays-de-la-Loire,68.0
0.82,m,12.0,48.0,"Mercedes, Chrysler or BMW",Regular,Ile-de-France,186.0

